id_parcours,nom_parcours
1069,Licence Fondamentale en Sciences de l'Ingénieur
1070,[EPL]-Licence Fondamentale en Sciences de l'Ingénieur
1071,Licence Fondamentale en Sciences de l'Ingénieur
1072,Licence Fondamentale en Sciences de l'Ingénieur
1073,Licence Fondamentale en Sciences de l'Ingénieur
1074,Licence Fondamentale en Sciences de l'Ingénieur
1094,Licence Fondamentale en Sciences de l’Ingénierie
1093,Licence Fondamentale en Sciences de l’Ingénierie
1095,Licence Fondamentale en Sciences de l’Ingénierie
1075,Licence Professionnelle en Sciences de l'Ingénieur
1076,[EPL]-Licence Professionnelle en Sciences de l'Ingénieur
1078,Licence Professionnelle en Sciences de l'Ingénieur
1077,Licence Professionnelle en Sciences de l'Ingénieur
1079,Licence Professionnelle en Sciences de l'Ingénieur
1097,Licence Professionnelle en Sciences de l’Ingénierie
1100,Licence Professionnelle en Sciences de l’Ingénieur
1103,Licence Professionnelle en Sciences de l’Ingénieur
1099,Licence Professionnelle en Sciences de l’Ingénieur
1102,Licence Professionnelle en Sciences de l’Ingénieur
1125,Licence Professionnelle en Génie Logiciel
1101,Licence Professionnelle en Sciences de l’Ingénieur
1104,Licence Professionnelle en Sciences de l’Ingénieur
1124,Licence Professionnelle en Maintenance et Réseaux Informatiques
1098,Licence Professionnelle en Sciences de l’Ingénierie
1656,Sup en Entrepreneuriat
1080,Master Professionnel en Sciences de l'Ingénieur
1081,Master Professionnel en Sciences de l'Ingénieur
1082,Master Professionnel en Sciences de l'Ingénieur
1083,Master Professionnel en Sciences de l'Ingénieur
1060,Master Professionnel en Sciences de l'Ingénieur
1084,Master Professionnel en Sciences de l'Ingénieur
1085,Master Professionnel en Sciences de l'Ingénieur
1717,Master Recherche en Sciences de l'Ingénieur
1719,Master Recherche en Sciences de l'Ingénieur
1058,Master Recherche en Sciences de l'Ingénieur
1718,Master Recherche en Sciences de l'Ingénieur
