Parcours;Spécialité;ID_Parcours
Licence Fondamentale en Sciences de l'Ingénieur;Génie Civil;1069
[EPL]-Licence Fondamentale en Sciences de l'Ingénieur;Génie Electrique;1070
Licence Fondamentale en Sciences de l'Ingénieur;Génie Mécanique;1071
Licence Fondamentale en Sciences de l'Ingénieur;Informatique et Systèmes;1072
Licence Fondamentale en Sciences de l'Ingénieur;Intelligence Artificielle et Big Data;1073
Licence Fondamentale en Sciences de l'Ingénieur;Logistique et Transport;1074
Licence Fondamentale en Sciences de l’Ingénierie;[ANCIEN] - Génie Civil;1094
Licence Fondamentale en Sciences de l’Ingénierie;[ANCIEN] - Génie Electrique;1093
Licence Fondamentale en Sciences de l’Ingénierie;[ANCIEN] - Génie Mécanique;1095
Licence Professionnelle en Sciences de l'Ingénieur;Génie Civil;1075
[EPL]-Licence Professionnelle en Sciences de l'Ingénieur;Génie Electrique;1076
Licence Professionnelle en Sciences de l'Ingénieur;Génie Logiciel;1078
Licence Professionnelle en Sciences de l'Ingénieur;Génie Mécanique;1077
Licence Professionnelle en Sciences de l'Ingénieur;Systèmes et Réseaux;1079
Licence Professionnelle en Sciences de l’Ingénierie;[ANCIEN] - Génie Civil;1097
Licence Professionnelle en Sciences de l’Ingénieur;[ANCIEN] - Génie Civil;1100
Licence Professionnelle en Sciences de l’Ingénieur;[ANCIEN] - Génie Civil;1103
Licence Professionnelle en Sciences de l’Ingénieur;[ANCIEN] - Génie Electrique;1099
Licence Professionnelle en Sciences de l’Ingénieur;[ANCIEN] - Génie Electrique;1102
Licence Professionnelle en Génie Logiciel;[ANCIEN] - Génie Logiciel;1125
Licence Professionnelle en Sciences de l’Ingénieur;[ANCIEN] - Génie Mécanique;1101
Licence Professionnelle en Sciences de l’Ingénieur;[ANCIEN] - Génie Mécanique;1104
Licence Professionnelle en Maintenance et Réseaux Informatiques;[ANCIEN] - Maintenance et Réseaux Informatiques;1124
Licence Professionnelle en Sciences de l’Ingénierie;[ANCIEN] - Maintenance Industrielle;1098
Sup en Entrepreneuriat;Diplôme Universitaire Entrepreneuriat - FC;1656
Master Professionnel en Sciences de l'Ingénieur;Génie Civil;1080
Master Professionnel en Sciences de l'Ingénieur;Génie Electrique;1081
Master Professionnel en Sciences de l'Ingénieur;Génie Mécanique;1082
Master Professionnel en Sciences de l'Ingénieur;Informatique et Systèmes;1083
Master Professionnel en Sciences de l'Ingénieur;Ingénieur de conception en Ingénierie Electrique;1060
Master Professionnel en Sciences de l'Ingénieur;Intelligence Artificielle et Big Data;1084
Master Professionnel en Sciences de l'Ingénieur;Logistique et Transport;1085
Master Recherche en Sciences de l'Ingénieur;Génie Civil;1717
Master Recherche en Sciences de l'Ingénieur;Ingénieur Recherche en Génie Electrique, Energie Electrique, Automatique, Télécoms;1719
Master Recherche en Sciences de l'Ingénieur;Ingénieur Recherche en Ingénierie Electrique;1058
Master Recherche en Sciences de l'Ingénieur;Supply Chain and Operation Management;1718
